朝代,地区,姓名,名次,任官经历,著作,出身,婚嫁,轶事
康熙九年庚戌,杭州府昌化县,陈秉谦,顺治十七年（1660）乡试第二十一名，明年会试第一百五十名，康熙九年（1670）补殿试，第二甲第二十九名，赐进士出身,,,,,
乾隆二年丁巳,杭州府昌化县,张自新,乾隆二年（1737）殿试第三甲第六十一名，赐同进士出身,丁巳成进士，为桐城张相国门下士,《易经通论》四卷,,,丁巳成进士，为桐城张相国门下士，极重其才，居京师十余载，受业及执贽请益者资其讲论，多获隽有名。素嗜经学，尤专精于《易》……因著《易经通论》四卷……寻归，卒于家。博学多才，未竟厥用，士林惜焉。
乾隆十七年壬申,杭州府昌化县,许起凤,乾隆十七年（1752）乡试举人，同年殿试第三甲第九十一名，赐同进士出身,候选知县，授陕西兴安州汉阴县知县。乾隆二十七年（1762）任陕西凤翔府宝鸡县知县，乾隆四十一年（1776）任安徽池州府建德县知县,,,,
康熙十二年癸丑,杭州府富阳县,陈三省,康熙八年(1669)乡试举人，会试九十九名，康熙十二年 (1673)殿试第三甲第八十四名，赐同进士出身,官知县,,,,
康熙十二年癸丑,杭州府富阳县,马翀,丁酉一百七名，会试八十五名，三甲八十七名,分部学习主事，由进士历官至江西盐法道,,,,
康熙三年甲辰,杭州府余杭县,严曾榘,"顺治十四年
(1657)乡试第一百九十三名,会试三十七名,康熙三年(1664)殿试第二甲第十三名,赐进士出
身","选翰林院庶吉士，五年,由庶吉士改授广西道御史，七年,因病乞假回籍。十一年,补河南道御史二十一年,服阕,补江南道御史，(二十八年)三月,借补右参议,寻转左。五月,迁鸿胪寺卿。三十年六月,迁右通政。八月,转左。十月,迁太仆寺卿。三十一年四月,迁通政使。十一月,迁左都御史。三十六年五月,擢兵部右侍郎，三十九年,卒于官。",《德聚堂集》,,,"《清圣祖实录》卷一二、康熙三年五月丙子:“谕吏部:选拔庶常原以作养人才,今科进士特 加简阅。取中严曾榘等十五员,俱著改为庶吉士,教习满书。”同上书卷二○、康熙五年九月辛丑:“谕吏部:庶吉士申涵盼等教习已久,今加考试,分别授职严曾榘、徐诰武、熊一潇、李棠,以科道用。”"
康熙十五年丙辰,杭州府余杭县,沈谷,"康熙八年(1669)乡试举人,康熙十五年 (1676)会试第五名,殿试第二甲第三十四名,赐进士出身",任知县,,,,"早擅文誉,性豪纵,喜狎游,青楼粉壁到处留题,尝以康对山、杨升庵自况云。"
康熙十八年己未,杭州府余杭县,吴维城,"康熙十七年(1678)乡试第三十六名, 康熙十八年(1679)会试第一百四名,殿试第三甲第四十六名,赐同进士出身",任安徽宁国府同知,,,,
康熙十八年己未,杭州府余杭县,俞寅,"康熙十四年(1675)乡试第二十八名,康熙十八年(1679)会试第九名,殿试第三甲第四十八名,赐同进士出身","康熙二十八年 (1689)任广西柳州府上林县知县,康熙三十四年(1695)任山东登州府栖霞县知县",,,,"卷二七《文艺传·国朝》：有神童之目,长益博综载籍,一官匏系,山水情多,刻有诗集四册行世。光绪《增修登州府志》卷二九《文秩五・栖霞县知县·国朝》:“康熙:俞寅,浙江余姚进士。三十四年任,次年秋荒,煮粥赈饥,虽隆冬必亲历不倦,全活甚众后四十三年大饥,民至相食,而守法无敢动者,寅一创之力也。”"
康熙四十五年丙戌,杭州府余杭县,吴世雍,"康熙三十八年(1699)乡试举人,康熙四十五年 (1706)殿试第三甲第九十三名",壶关知县,,,,
乾隆七年壬戌,杭州府余杭县,葛曙,"雍正七年(1729)乡试举人,乾隆七年(1742)殿试第二甲第 三十名,赐进士出身。","以知县即用,历任广东肇庆府新兴县、潮州府丰顺县、广州府新宁县、四川茂州保县知县,乾隆二十五年(1760)升四川成都府简州知州",,,,
康熙十五年丙辰,杭州府临安县,陈勋,"康熙十四年(1675)乡试第二十九名,康熙十五年(1676)会试第九十二名, 殿试第三甲第二十一名,赐同进士出身","历任河南卫辉府辉县知县,陕西绥德州、甘肃阶州知州, 授刑部主事,迁工部营缮司员外郎、刑部郎中,擢京畿道监察御史。罢归,终年八十七岁。",,,,"后以牵累罢归,卜居西郊,萧然物外,雅善丹青...卒,年八十七。"
康熙三十三年甲戌,杭州府临安县,高崧,"康熙三十二年(1693)癸酉科乡试 第四十三名,康熙三十三年(1694)会试第一百十一名,殿试第三甲第一百五名,赐同进士出身","康熙四十年(1701)授山东济南府霑化县知县,康熙四十四年(1705)授河南开封府通许县知县, 康熙五十六年(1717)任四川成都府灌县知县。雍正元年(1723)授礼部精膳司额外主事。告归, 终年七十四岁。",《易经阐奥》《五经萃要》《读史津梁》及《蜀游》《归田》《淑芳》等诗集,,,
康熙四十二年癸未,杭州府临安县,盛弘邃,"康熙三十八年(1699)乡试第 二十六名,康熙四十二年(1703)会试第二十三名,殿试第三甲第十九名,赐同进士出身","康熙 五十一年(1712)授江苏扬州府兴化县知县,以疾告归。终年七十二岁。",《石镜山庄诗初二 集》《宛槎集》《鹤田诗集》《凝翠轩诗集》《东田闲居草》《志行草》《评选时文》,,,"工书法,善诗…登康熙癸未进士,授兴化令。捐俸修葺文庙伦堂,创立义塾,延师教士,筑修范文正公捍海旧堤,水患至今永绝。后以疾告归,绅士吁宪请祀名宦。"
乾隆二年丁巳,杭州府临安县,徐锡仁,"乾隆元年(1736)乡试举人,乾隆二年(1737)殿试第二甲 第二十五名,赐进士出身。","以知县即用,乾隆三年(1738)授河南河南府孟津县知县,乾隆四年 (1739)任湖南永州府零陵县知县,明年调长沙府湘乡县知县",,,,
康熙十八年己未,杭州府於潜县,盛钟贤,"康熙十一年(1672)乡试第二十 名,康熙十八年(1679)会试第一百二十名,殿试第三甲第二十七名,赐同进士出身。","授江西瑞州 府高安县知县,卒于官",,,,"钟贤家贫力学,性尤孝。通籍后,宰高安,地瘠民贫, 奸吏多玩法。钟贤革耗羡,绝苞苴, 心厘剔,教养备至。卒于官,惟余布衾而已（两袖清风）"
乾隆元年丙辰,杭州府於潜县,赵钊,"雍正十年(1732)乡试举人,乾隆元年(1736)殿试第三甲第 一百三十七名,赐同进士出身。",任山东武定府乐陵县知县。,,,,
乾隆三十六年辛卯,杭州府於潜县,黄瀛元,"乾隆三十三年(1768)顺天乡试 举人,乾隆三十六年(1771)殿试第二甲第二名,赐进士出身,选翰林院汉书庶吉士。","散馆,授翰 林院编修,充文渊阁校理、修书馆纂修。三典顺天乡试,两充会试考官,乾隆五十三年(1788)补 山东道监察御史,官至礼科给事中。",,,,
康熙三年甲辰,杭州府仁和县,黄彦博,康熙三年（1664）殿试第三甲第八名，赐同进士出身，选满书庶吉士。,庶吉士,,,,《清圣祖实录》卷一二康熙三年五月丙子：“谕吏部：选拔庶常原以作养人才，今科进士特加简阅。取中……黄彦博……等十五员，俱著改为庶吉士，教习满书。”
康熙三年甲辰,杭州府仁和县,吴远,顺治十四年（1657）乡试第五十四名，康熙三年（1664）会试第四名，殿试第三甲第四十名，赐同进士出身，选内弘文院满书庶吉士。,康熙五年（1666）散馆，授户部主事，迁郎中、光禄寺少卿。康熙十年（1671）充江西乡试考官，康熙十四年（1675）任江西提学道。康熙十八年（1679）荐举博学鸿词，试入二等，授翰林院侍读，与修《明史》，累迁詹事府少詹事兼翰林院侍讲学士，与修《一统志》，致仕归。,《元史类编》《史学辨误》《戒山文存》《戒庵诗》,癸未年五月二十四日生，余姚籍，仁和人,,"《国朝耆献类征初编》卷一一六《词臣》之《邵远平》优游林泉…圣祖南巡，御书‘蓬观’字以赐，乃自号‘蓬观子’。”
《清代职官年表》卷一七八《人物六·文苑一·杭州府·国朝》：远平归田后息影湖庄，杜门谢客，著《续宏简录》四十二卷。"
康熙三年甲辰,杭州府仁和县,陈之桎,康熙二年（1663）乡试第四十五名，康熙三年会试第一百二十九名，殿试第三甲第四十一名，赐同进士出身。,康熙十二年（1673）授河南汝宁府光州固始县知县，康熙十九年（1680）升河南府陕州知州。,,,,康熙十二年，以进士知固始，平易慈惠，与民休息，兴学劝垦，恤孤惠贫，八年如一日也。升陕州知州。有去思碑。
康熙三年甲辰,杭州府仁和县,钱增,康熙三年（1664）殿试第三甲第六十四名，赐同进士出身。,官云南云南府晋宁州呈贡县知县。,,,,
康熙三年甲辰,杭州府仁和县,周宪文,顺治八年（1651）乡试第二十九名，康熙三年（1664）会试第二十三名，殿试第三甲第一百一名，赐同进士出身。,授广西桂林府兴安县知县，康熙十九年（1680）调江西南昌府新建县知县，累官吏科给事中。乞休，侨居扬州，以著书终老。,,北直隶顺天府大兴县籍，浙江杭州府仁和县人。,,乞休，侨居扬州，以著书终老。
康熙六年丁未,杭州府仁和县,卢琦,顺治十七年（1660）乡试第四十九名，康熙六年（1667）会试第十二名，殿试第二甲第十六名，赐进士出身。,选庶吉士，教习满书。康熙八年（1669）散馆，授编修。康熙十五年（1676）充会试同考官，历詹事府少詹事，擢内阁学士兼礼部侍郎。,,,,（清）王晞《今世说》卷四《赏誉》（《清代笔记小说大观》第一册页一五三）：“卢西宁少有异秉，断乳后不食他物，昼夜饮酒三五升，一吸辄尽，家人谓之酒仙。卢名琦，字景韩，浙江仁和人。生三岁，未尝闻啼声，迨五岁能语……年十二应省试，人多有物色之者。中丁未进士，历官侍讲学士。”《敕修浙江通志》卷一九〇《人物九·介节上·杭州府·国朝》：“卢琦，字景韩。康熙丁未进士，选庶吉士，授编修。历詹事府少詹，擢内阁学士兼礼部侍郎。文章尔雅，尤熟朝章典故……归田后，日课子读书，不与户外事。官至三品，家产不逾中人，粗衣菲食，淡如也。”
康熙六年丁未,杭州府仁和县,宋嗣京,顺治十七年（1660）乡试第二十九名，康熙六年（1667）会试第四名，殿试第三甲第九十九名，赐同进士出身。,康熙十九年（1680）授广东潮州府大埔县知县，在任七年升吏部主事，仕至江西饶州府知府。,,,,
康熙九年庚戌,杭州府仁和县,屠又良,康熙二年（1663）乡试第一名（解元），康熙九年（1670）殿试第三甲第三十一名，赐同进士出身。,授河南开封府扶沟县知县，升同知。,,,,
康熙九年庚戌,杭州府仁和县,柴煌,顺治十七年（1660）乡试第三十六名，康熙九年（1670）会试第一百四十一名，殿试第三甲第一百四十五名，赐同进士出身。,康熙二十年（1681）授江西赣州府会昌县知县，罢。,,,,同治《赣州府志》卷四三《官师志·县名宦·国朝》：“柴煌，浙江仁和人，进士。康熙二十年知会昌事……与上官有嫌，落职。”
康熙十二年癸丑,杭州府仁和县,许翼权,浙江杭州府仁和县籍，海宁县人。治《礼记》。康熙五年（1666）乡试第二名，康熙十二年（1673）殿试第二甲第二十三名，赐进士出身。,康熙二十四年（1685）授福建泉州府晋江县知县，擢工部营缮清吏司主事，充康熙三十六年（1697）会试考官，迁工部都水司员外郎，乞养归。,《吟庐集》,浙江嘉兴府秀水县增监生，民籍...祖翼权,,
康熙十二年癸丑,杭州府仁和县,张祖荣,康熙十一年（1672）乡试第一百五名，康熙十二年（1673）会试第一百八名，殿试第二甲第二十六名，赐进士出身，选翰林院庶吉士。,散馆，授翰林院编修，与修《平定方略》《一统志》《唐类函》，充康熙十五年（1676）会试同考官，累迁内阁学士兼礼部侍郎。丁忧归，卒。,,直隶顺天府宛平县籍，浙江杭州府仁和县人,,《钱塘县志》卷一九《人物·名臣·国朝》“历春坊赞善，迁讲读，奉命修《平定方略》《一统志》《唐类函》诸书。加讲读学士，转詹事，迁内阁学士兼礼部侍郎……闻母丧……终以哀毁致病卒。”
康熙十五年丙辰,杭州府仁和县,潘沐,顺治十七年（1660）顺天乡试举人，会试第一百十名，康熙十五年（1676）殿试第二甲第三十三名，赐进士出身，授翰林院庶吉士。,散馆，授翰林院编修。,《三余堂集》,,,《仁和县志》卷一八《人物志三·儒林·国朝》：“潘沐，字新潭……善为文。顺治庚子登贤书，康熙丙辰成进士……尚有所著《三余堂集》十卷，藏于家。”
康熙十八年己未,杭州府仁和县,吴震方,康熙八年（1669）乡试第七名，康熙十五年（1676）会试第八十八名，未殿试。康熙十八年（1679）补殿试，第二甲第一名，赐进士出身，授翰林院满书庶吉士。,康熙二十年（1681）散馆，授陕西道监察御史，罢归。,辑《朱子论定文钞》，著有《晚树楼诗稿》。,,,（清）阮元《两浙辖轩录》卷一二《吴震方》：“字青坛，仁和人。康熙己未进士，由庶吉士改授陕西道御史。著有《晚树楼诗稿》。徐倬曰：青坛以庶常改西台，罢官后，两遇圣祖南巡，迎驾，御书‘朱子全书’‘讲易’二额以赐。所著《朱子论定文钞》《读书正讹》《晚树楼诗稿》行世。”
康熙十八年己未,杭州府仁和县,钱登峰,年（1679）会试第二十七名，殿试第二甲第十三名，赐进士出身。,授内阁中书。,,,,
康熙十八年己未,杭州府仁和县,沈筠,康熙十七年（1678）顺天乡试第二十九名，康熙十八年（1679）会试第五名，殿试第二甲第十五名，赐进士出身，授翰林院庶吉士。,康熙十八年荐举博学鸿词，列二等，授翰林院编修，与修《明史》，寻卒。,《斗虹集》,高祖文，甲子亚魁，戊辰进士，历任河南按察使司副使，崇祀名宦乡贤，有《白雪楼遗稿》行世。母林氏，辛丑进士见任夏县知县榜姓张讳纶公胞姊。,,
康熙十八年己未,杭州府仁和县,顾永年,康熙十七年（1678）乡试举人，康熙二十四年（1685）殿试第二甲第四名，赐进士出身。,康熙二十九年（1690）授甘肃平凉府华亭县知县，受漕运总督董讷事牵连发遣奉天，后以运粮助征葛尔丹获释。,《梅东草堂诗集》,,,《清代诗文集汇编》一五二册页二八七：“顾永年，字九恒，号桐村，浙江钱塘（今属杭州）人。生于明崇祯十二年（一六三九），卒年不详，清康熙四十八年（一七〇九）仍在世。康熙二十四年（一六八五）进士，官平凉华亭知县。尝入漕运总督董讷幕，以董讷事为傅拉腊所中伤，于康熙三十一年发遣奉天。三十五年助征葛尔丹，以戍留都者并运粮军前赎罪获释。自后以文字游四方。少从陈祎明，长受知于王士禛。其诗多纪实之作。
康熙十八年己未,杭州府仁和县,傅光遇,康熙十六年（1677）乡试第三十名，康熙二十四年（1685）会试第十九名，殿试第三甲第六十四名，赐同进士出身。,康熙三十一年（1692）授安徽安庆府望江县知县。,,,,《敕修浙江通志》《人物六·孝友二·国朝》：“傅光遇，仁和人。康熙二十四年进士，榜后适母陆讣至，使者迁延，投其从父邸，觊稍缓一日，令无误馆撰，光遇察得大恸，厚责其使者，徒跣星南奔，京师见者以为孝。”
康熙二十七年戊辰,杭州府仁和县,汤右曾,康熙二十六年（1687）丁卯科顺天乡试第二名，康熙二十七年（1688）会试第三十三名，殿试第二甲第五名，赐进士出身，选翰林院庶吉士。,康熙三十年（1691）散馆，授翰林院编修，康熙三十五年（1696）充贵州乡试考官。康熙三十九年（1700）授刑科给事中，转户科掌印给事中，提督河南学政，康熙四十五年（1706）充会试同考官，调奉天府府丞兼学政。康熙五十一年（1712）特授翰林院掌院学士，充日讲起居注官，累迁吏部右侍郎兼翰林院掌院学士。康熙六十一年（1722）卒，终年六十七岁。,《怀清堂集》,,,方苞《望溪先生全集》外文卷七《翰林院掌院学士兼礼部侍郎汤公墓志铭》“辛丑六月，上命政府谕公解部职，仍掌院事，时公抱羸疾。逾年入秋遂剧，次年正月竟卒……公生于顺治十二年正月，享年六十有七。”
康熙二十七年戊辰,杭州府仁和县,翁嵩年,康熙十一年（1672）顺天乡试举人，任武义县教谕。会试第五十二名，康熙二十七年（1688）殿试第二甲第十四名，赐进士出身。,康熙三十三年（1694）授户部山西司主事，升本部四川司员外郎，丁忧。康熙三十九年（1700）升刑部广西司郎中，充会试同考官。康熙四十二年（1703）任广东提学道，三年秩满致仕。雍正六年（1728）卒，终年八十二岁,《天香书屋稿》《白云山房集》《友石居集》,,,《武义县志》卷二五六《宦绩录二十六·国朝二》：“翁嵩年，字康饴，号萝轩，仁和人。康熙戊辰进士，授户部主事。历刑部郎中，督学广东，矢心慎恪，务得真才。先是，学使者以琼州在海外，檄生童附雷州考试，嵩年曰：‘吾岂以一人易千万人命乎？出入忠信何畏焉？’竟渡海。后著为令。”
康熙二十七年戊辰,杭州府仁和县,凌绍雯,康熙十六年（1677）乡试举人，康熙二十七年（1688）殿试第二甲第四十名，赐进士出身，授翰林院清书庶吉士。,康熙三十年（1691）散馆，授翰林院编修。历国子监司业、翰林院侍讲学士、詹事府少詹事、日讲起居注官、内阁学士兼礼部侍郎。充《三朝国史》《明史》《平定沙漠方略》纂修官，康熙三十八年（1699）四川乡试、康熙四十四年（1705）陕西乡试考官。终年七十一岁。,,,,（清）潘衍桐《两浙辖轩续录》第一册卷三《凌绍雯》：“字子文，号北堂，钱塘人。康熙戊辰进士，官至内阁学士。《府志》：绍雯生而颖异，甫三岁，母朱口授《毛诗》，能成诵。康熙丁巳，领乡荐北上，贫不能归，遂馆京师。少习国书，戊辰廷试，卷用清汉合璧体书之，读卷官奏请上裁，置二甲末，入馆选。为人清介自守，自庶常以至阁学，不携家累。止寓翰林院官署，服浣衣数十年，不忍弃，饮食菲薄自甘。不妄交游，闭户读古人书。性严毅，寡言笑，不轻然诺，临事亦介然不惑。”
康熙二十七年戊辰,杭州府仁和县,沈佳,康熙二十年（1681）乡试举人，康熙二十七年（1688）殿试第三甲第十四名，赐同进士出身。,初授湖广监利县知县，调贵州安化县知县，卒于官。,著有《名儒言行录》《大全粹语》《春秋学》《易大象玩》《易解》《明代人物考》《乐府中声》《苍野集》《省督录》《复斋遗集》等。,,,
康熙二十七年戊辰,杭州府仁和县,陈祺昌,康熙二十九年（1690）乡试第四十二名，康熙三十年（1691）会试第一百十七名，殿试第二甲第二十名，赐进士出身。,授直隶大名府大名县知县。,,,,
康熙二十七年戊辰,杭州府仁和县,蔡醇,康熙二十三年（1684）乡试第三十三名，康熙三十年（1691）会试第一百四十五名，殿试第三甲第三十七名，赐同进士出身。,授云南临安府河西县知县。,,,,
康熙二十七年戊辰,杭州府仁和县,潘树椿,康熙二十六年（1687）丁卯科乡试第六名，康熙三十年（1691）会试第三十名，殿试第三甲第八十三名，赐同进士出身。,历福建福州府福清县知县，康熙五十四年（1715）任贵州思南府婺川县知县。,,,,
康熙三十三年甲戌,杭州府仁和县,李成铭,康熙三十二年（1693）乡试第二十五名，康熙三十三年（1694）会试第十五名，殿试第二甲第二十八名，赐进士出身。,官兵部主事，康熙四十五年（1706）充武会试监简官。,,,,
康熙三十三年甲戌,杭州府仁和县,吴隆元,康熙二十九年（1690）乡试第四名，康熙三十三年（1694）会试第八名，殿试第三甲第三十二名，赐同进士出身，授翰林院清书庶吉士。康熙四十二年（1703）考试不合格，归进士班用,康熙四十九年（1710）官山东济南府齐河县知县。雍正元年（1723）授主事，历侍读学士、大理寺少卿、都察院佥都御史、调太常寺卿。充雍正元年顺天乡试、雍正二年江南乡试考官。,《易宫》《读易管窥》《孝经三本管窥》,,,《清圣祖实录》同上书卷一九八、康熙三十九年四月丙子：“谕吏部：庶吉士龚铎等教习已久，今加考试……吴隆元……俱不准授职，著再教习三年。”卷二一二、康熙四十二年四月乙未：“谕吏部：庶吉士张尚瑷等教习已久，今加考试，应分别授职……吴隆元……等学习不及，归进士班用。”
康熙三十六年丁丑,杭州府仁和县,陈尧仁,康熙三十五年（1696）乡试第五名，康熙三十六年（1697）会试第四十二名，殿试第三甲第三十九名，赐同进士出身。,康熙四十三年（1704）任延平府顺昌县知县。,,,,
康熙三十九年庚辰,杭州府仁和县,沈宣,康熙三十八年（1699）陕西乡试第二十六名，康熙三十九年会试第七十八名，殿试第二甲第二十五名，赐进士出身。,授户部主事。,,陕西西安府长安县人。,,
康熙三十九年庚辰,杭州府仁和县,邵旦平,康熙三十五年（1696）乡试第三十名，康熙三十九年（1700）会试第二百八十三名，殿试第三甲第十三名，赐同进士出身。,,,,,
康熙三十九年庚辰,杭州府仁和县,吴之铸,康熙十七年（1678）乡试第六十三名，康熙三十九年（1700）会试第五十七名，殿试第三甲第九十四名，赐同进士出身。,授山西潞安府壶关县知县，调刑部山西司主事，转礼部主客司主事。,,高高祖之铸，康熙戊午举人，庚辰进士。,,
康熙四十二年癸未,杭州府仁和县,赵殿最,康熙四十一年（1702）乡试第三十名，康熙四十二年（1703）会试第五十五名，殿试第二甲第四十八名，赐进士出身。,历内阁中书，迁礼部主事、员外郎、刑部郎中、刑科给事中，充康熙六十年（1721）会试同考官。雍正四年（1726）授湖南按察使，历詹事府少詹事，晋内阁学士兼礼部侍郎，充经筵讲官。乾隆三年（1738）擢工部尚书，以失察镌级，归。,,,,调户部右侍郎。乾隆元年转左，巡视山东、河南道，改吏部右侍郎，擢工部尚书……四年，以失察镌级，乞归
康熙四十五年丙戌,杭州府仁和县,张映,康熙四十一年（1702）乡试第十九名，康熙四十五年（1706）会试第三百一名，殿试第二甲第十二名，赐进士出身。,官甘肃巩昌府安定县知县。终年七十六岁。,,,,《杭州府志》卷二九《人物志二·文苑·清》：“张映，字定山……康熙丙戌进士，授巩昌安定令，锐志有为，尝捐俸修学校，课士如子弟……西陲用兵，邑当孔道，戴星转输，不误晷刻，承檄征羊以供军……罢归后，晨炊夕诵无异诸生时，卒年七十六。”
康熙四十五年丙戌,杭州府仁和县,卢弘熹,康熙四十四年（1705）乡试第十八名，康熙四十五年（1706）会试第一百七十一名，殿试第二甲第二十一名，赐进士出身。,历内阁中书、兵部郎中、礼部郎中，充康熙五十二年（1713）广西乡试考官。,,,,
康熙四十五年丙戌,杭州府仁和县,邵锡章,康熙四十一年（1702）乡试第四十五名，康熙四十五年（1706）会试第八十名，殿试第三甲第十八名，赐同进士出身。,官直隶大名府长垣县知县。,,邵远平子,,
康熙四十五年丙戌,杭州府仁和县,邵锡光,康熙四十四年（1705）乡试第三十一名，康熙四十五年（1706）会试第一百三十六名，殿试第三甲第四十名，赐同进士出身。,康熙五十四年（1715）授江西南昌府新建县知县，历安徽凤阳府颍州颍上县、江苏江宁府溧阳县知县，累迁云南禄劝州知州，卒于官。,,邵远平子,,武生宋武潜谋不轨，锡光以计擒之，余党解散。升云南禄劝州知州，卒于官。
康熙四十五年丙戌,杭州府仁和县,史尚书,康熙四十四年（1705）顺天乡试第十八名，康熙四十五年（1706）会试第一百八十四名，殿试第三甲第八十四名，赐同进士出身，授翰林院满书庶吉士。,康熙五十一年（1712）散馆，授翰林院检讨。,,,,
康熙四十五年丙戌,杭州府仁和县,毛远宗,康熙二十九年（1690）乡试第二名，康熙四十五年（1706）会试第二百四名，殿试第三甲第一百六十九名，赐同进士出身。,官内阁中书舍人。,,《清代朱卷集成》第三册《会试科年·乾隆戊辰科·毛绍睿》：“（族伯叔祖）远宗，康熙丙戌进士，候选知县。”,,
康熙四十五年丙戌,杭州府仁和县,来珏,康熙四十一年（1702）乡试第七十五名，康熙四十五年（1706）会试第七十名，殿试第三甲第一百七十五名，赐同进士出身。,康熙五十六年（1717）任福建福州府永福县知县。,,,,
康熙四十五年丙戌,杭州府仁和县,田承谟,康熙三十八年（1699）乡试第四名，康熙四十五年（1706）会试第六十七名，殿试第三甲第二百四名，赐同进士出身。,授四川成都府温江县知县，康熙五十六年（1717）任广东高州府吴川县知县。,,,,
康熙四十八年己丑,杭州府仁和县,赵继抃,康熙三十八年（1699）乡试第四十三名，康熙四十八年（1709）会试第一百七十二名，殿试第二甲第四十二名，赐进士出身。,初授主事，改甘肃巩昌府伏羌县知县，署临洮府，雍正二年（1724）充甘肃武举考试官。,,,,
康熙四十八年己丑,杭州府仁和县,吴筠,康熙二十九年（1690）庚午科乡试第一名（解元），康熙四十八年（1709）会试第一百八名，殿试第三甲第七名，赐同进士出身。,历任山西潞安府潞城县知县，广东广州府增城县知县。,,,,光绪《重修安徽通志》卷一八六《人物志·宦绩九·徽州府·国朝》：“赵继抃，字鹤皋，休宁人。康熙己丑进士，以主事改伏羌知县。时西路出军，邑当孔道，往来供亿络绎浩繁，继抃禁苛派，纤悉不以累民。岁饥，不待请而发廪以赈，计口造册，亲引赴仓领粟，胥役无侵，欢声溢道。上官廉得其状，深奖异之，擢署兰州。”按：据《清史稿·地理志》，兰州府原名临洮府，乾隆三年（1738）改名。
康熙四十八年己丑,杭州府仁和县,顾芝,康熙四十七年（1708）顺天乡试第九十八名，康熙四十八年（1709）会试第二百四十七名，殿试第三甲第十名，赐同进士出身。,康熙五十四年（1715）授礼部祠祭司主事，升员外郎，充康熙五十九年（1720）贵州乡试考官，晋刑部贵州司郎中。雍正二年（1724）福建分巡延建邵道。,,,,
康熙四十八年己丑,杭州府仁和县,何景云,康熙四十七年（1708）乡试第一百四十二名，康熙四十八年（1709）会试第二百三十四名，殿试第三甲第八十二名，赐同进士出身。,授嘉兴府府学教授。,,,,
康熙四十八年己丑,杭州府仁和县,叶亮,康熙四十七年（1708）乡试第五十一名，康熙四十八年（1709）会试第一百三十名，殿试第三甲第一百二十八名，赐同进士出身。,康熙五十八年（1719）授山东曹州府定陶县知县，调山东武定府沾化县，引疾归。,,,,
康熙五十一年壬辰,杭州府仁和县,钱廷献,康熙二十六年（1687）丁卯科乡试第四十一名，康熙五十一年（1712）会试第三十一名，殿试第三甲第九名，赐同进士出身，选翰林院庶吉士。,明年散馆，授翰林院检讨，官至监察御史。,,,,
康熙五十二年癸巳,杭州府仁和县,姚三辰,康熙五十年（1711）乡试第九名，会试二十八名，康熙五十二年（1713）会试第二十八名，殿试第三甲第八名，赐同进士出身，选翰林院庶吉士。,康熙五十四年（1715）散馆，授翰林院检讨，康熙五十六年（1717）充顺天乡试考官。雍正四年（1726）充日讲起居注官，升詹事府左春坊左中允，典山西乡试，升侍讲、侍读学士，转詹事府少詹事，提督安徽学政。雍正十三年（1735）升内阁学士兼礼部侍郎，迁兵部右侍郎，调吏部侍郎。乾隆元年（1736）充江西乡试考官，乾隆二年（1737）充会试副总裁，病卒,,,,
康熙五十四年乙未,杭州府仁和县,王时瑞,康熙五十年（1711）乡试第五十六名，康熙五十四年（1715）会试第六十一名，殿试第二甲第三十三名，赐进士出身。,授直隶永平府迁安县知县，历江苏常州府宜兴县知县。,,,,《清代官员履历档案全编》第一三册《雍正朝》页六〇五：“臣王时瑞，浙江杭州府仁和县人，年四十六岁。由增广生，于康熙五十年辛卯科本省乡试中式第五十六名举人，康熙五十四年乙未科会试中式第六十一名，殿试第二甲第三十三名进士。留京教习期满，考取一等第二十一名，奉旨遇有月官扣缺，即行补用。今掣得直隶永平府迁安县知县缺。”
康熙五十七年戊戌,杭州府仁和县,沈锡辂,康熙五十六年（1717）顺天乡试第十九名，副榜贡生，康熙五十七年（1718）会试第三十二名，殿试第一甲第三名（探花），授翰林院编修。,雍正四年（1726）提督山西学政。,,曾祖必成，祖兆琏，父一宁，母查氏，继母徐氏，慈侍下。,娶俞氏。,
康熙五十七年戊戌,杭州府仁和县,吴涛,康熙五十年（1711）乡试第二十七名，康熙五十七年（1718）会试第二十三名，殿试第三甲第一名，赐同进士出身。,康熙六十年（1721）散馆，授翰林院检讨，考选贵州道监察御史。,,,,
康熙六十年辛丑,杭州府仁和县,姚世荣,廪监生。康熙五十九年（1720）乡试第十八名，康熙六十年（1721）会试第六十五名，殿试第二甲第四名，赐进士出身。,散馆，授翰林院编修。历刑部云南司员外郎、刑部江南司郎中。雍正九年（1731）考选江西道御史，明年提督江西学政。,,公讳昌……系出江南徽州，七世祖迁浙江余姚，曾祖讳某再迁浙江，始为仁和人,,
康熙六十年辛丑,杭州府仁和县,杨汝楩,附学生。康熙五十九年（1720）顺天乡试第九十七名，康熙六十年（1721）会试第十八名，殿试第二甲第二十四名，赐进士出身，时年三十岁。,历云南永昌府同知、甘肃肃州直隶州知州，迁甘肃西宁道。,,曾祖椿，祖许王，父圣纶。,,
康熙六十年辛丑,杭州府仁和县,俞元祺,监生。康熙五十三年（1714）乡试第五名，康熙六十年（1721）会试第四十七名，殿试第二甲第二十六名，赐进士出身，选翰林院庶吉士。时年三十四岁。,雍正元年（1723）散馆，授翰林院编修，累迁监察御史。乞养归。,,曾祖时习，祖之琛，父九成，母汪氏，慈侍下。,娶周氏。,康熙六十年进士，授编修。母老不能迎养，告归。”
康熙六十年辛丑,杭州府仁和县,蒋大成,廪膳生。康熙五十九年（1720）乡试第五十五名，康熙六十年（1721）会试第四十一名，殿试第三甲第五十三名，赐同进士出身，时年三十三岁。,雍正元年（1723）补内阁中书，充雍正四年（1726）河南乡试考官，历云南永昌府同知、大理府同知。乾隆五年（1740）授山东青州府同知，历四川保宁府知府、安徽宁国府知府。,,曾祖有容，祖廷瑞，父钊，母沈氏，具庆下。,娶张氏。,
康熙三十九年庚辰,杭州府海宁县,查嗣璟,康熙三十八年（1699）乡试第二十七名，康熙三十九年（1700）会试第二百五十四名，殿试第二甲第十三名，赐进士出身，授翰林院清书庶吉士。,康熙四十二年（1703）散馆，授翰林院编修。康熙五十一年（1712）任直隶省提督学政，明年充广东乡试考官，仕至翰林院侍讲。晚年受查嗣庭案牵连，谪遣关西，卒于戌所。年八十二。,《查浦诗钞》《查浦辑闻》《音类通考》《南北史识小录》,查慎行弟。全祖望《结琦亭集外编》卷七《翰林院编修初白查先生墓表》“先生长子克建，成进士最早。后三年，先生次弟嗣琏继之，为翰林。又三年，先生入馆。又三年，嗣廷继之，克建亦入为刑部。”,,《国朝耆献类征初编》卷一二二《词臣》之《查慎行》“少受学于余姚黄宗羲……嗣璟，慎行弟，康熙三十九年进士，改庶吉士。四十二年，散馆授编修。济官侍讲……以嗣庭罪逮，谪遣关西，卒于戌所。著有《查浦诗钞》《查浦辑闻》《南北史识小录》《音类通考》”
康熙三十九年庚辰,杭州府海宁县,陈吴岳,康熙二十六年（1687）丁卯科乡试第三十一名，康熙三十九年（1700）会试第二百三十四名，殿试第二甲第二十四名，赐进士出身。,授湖北汉阳府汉川县知县，行取授礼部主事，卒于官。,,,,《府志》：吴岳官汉川知县，遇水灾，发仓振之，全活无算。寒水坏庐舍，相地筑堤，民免漂流。报最，行取礼部主事，卒于官。
康熙四十二年癸未,杭州府海宁县,陈邦彦,康熙四十一年（1702）乡试第七十一名，康熙四十二年（1703）会试第八十名，殿试第二甲第六名，赐进士出身，授翰林院庶吉士。,散馆授翰林院编修，累迁翰林侍读学士，仕至礼部右侍郎。,工楷法，著有《墨庄小稿》,,,《海宁州志稿》卷二九《人物志·文苑·清》：“陈邦彦，字世南，号鲍庐……工楷法。康熙癸未进士，入词馆，侍直内廷。上方注意典籍，岁开数馆编纂，往往被命校，御制碑版文亦时奉敕缮写。以侍读学士归。日与楷墨相亲，乞书者踵相接……乾隆初，起原官，仕终礼部侍郎。”
康熙四十二年癸未,杭州府海宁县,陈世信,康熙四十一年（1702）顺天乡试第八十七名，康熙四十二年（1703）会试第一百二十三名，殿试第二甲第九名，赐进士出身，授翰林院庶吉士。,散馆授编修，累迁侍讲学士，提督顺天、江西学政，历充山东、广东、顺天乡试考官，两充会试考官。雍正二年（1724）擢内阁学士，授山东巡抚。乾隆四年（1739）迁都察院左都御史，转工部尚书。仕至文渊阁大学士兼工部尚书、兼管礼部事务。乾隆二十三年（1758）卒，谥文勤。,,本姓高氏，世隶汴籍。始迁祖东园公，为海宁县陈氏赘婿，生月轩公，少依母家，遂承母姓,,辛酉拜文渊阁大学士……旋进阶太子太保。秋弥春巡，扈从无虚日。因拟票签字误罢职。辛未迎銮召对，御书‘纶扉耆旧’赐之，复入相。壬申、甲戌两宪会试总裁，戊寅冬以衰老乞休，特进太子太傅，赐诗宠其行……卒于赐第，谥文勤，赐祭葬如礼。
康熙四十二年癸未,杭州府海宁县,查嗣珣,康熙三十五年（1696）乡试第十二名，明年会试第会试六十一名，康熙四十二年（1703）补殿试，第二甲第二十名，赐进士出身。,任云南大理府太和县知县，擢吏部主事，告归,《荣古堂诗》,,,"《杭州府志》《人物四·仕绩四·国朝》:""查嗣珣,字国瑛,海宁人。康熙四十二年进士,知太和县。滇俗尚鬼,多淫祠,嗣珣初下车,即令乡啬夫搜集木偶数十百,置浡水祠旁,悉焚之,其风始息。居官七年,修学宫,缓狱轻徭,治行称最,擢吏部主事,告归。"""
康熙四十二年癸未,杭州府海宁县,祝安国,康熙三十五年（1696）乡试第七名，康熙四十二年（1703）会试第一百五十一名（一作第一百五十四名），殿试第三甲第九名，赐同进士出身。,任广东韶州府仁化县知县，病卒于官。,,,,《海宁州志稿》《人物志·循吏·清》：“祝安国，字济叔，号易斋。康熙癸未进士，授仁化知县……僻地士未知学，乃创义塾教之，风气稍开。会中炎瘴，校士出闹，病卒。”
康熙四十五年丙戌,杭州府海宁县,沈翼机,康熙三十五年（1696）乡试第二十七名，康熙四十五年（1706）会试第一百五十八名，殿试第二甲第十名，赐进士出身，授翰林院满书庶吉士。,康熙四十八年（1709）散馆，授翰林院编修，迁国子监司业、翰林院侍读学士。康熙五十六年（1717）提督贵州学政，雍正元年（1723）提督江西学政。充康熙五十三年（1714）四川乡试、雍正五年（1727）会试考官。乞假归里，与修《浙江通志》。乾隆初补原官，逾年归休。,《澹初诗集》,,,《海宁州志稿》《人物志·文苑·清》：“沈翼机，字西园，号澹初……幼即英特，长而浸淫经史。康熙丙戌成进士，选入词馆，覃精国书，深通翻译奥义，分纂秘阁诸书，多所折衷，后进争师之。以编修典试四川，督学贵州……迁国子监司业，沛升侍读学士，复出视江西学，人文之薮，益砥公明。乞假旋里，惟著书自娱。会修《浙江通志》，大吏延总其成。乾隆初，补原官，逾年归休。徜徉物外，年七十有七卒。”
康熙四十五年丙戌,杭州府海宁县,查嗣庭,康熙四十四年（1705）乡试举人，康熙四十五年（1706）会试第一百十四名，殿试第二甲第二十四名，赐进士出身，授翰林院汉书庶吉士。,康熙四十八年（1709）散馆，授翰林院编修，迁内阁学士、礼部侍郎，历充湖广、山西乡试考官。雍正四年（1726）典试江西，出《大学》题“维民所止”，攻击者以“维止”二字取“雍正”而去其首，大兴文字狱。嗣庭入狱，雍正五年（1727）死狱中，终年六十四岁。,《双遂堂遗集》《晴川集》,查克建父？（查克建应为查嗣琏即查慎行），查嗣璟、查慎行弟。,,《清代诗文集汇编》二一二册页六五七：“查嗣庭，字润木，号横浦、查溪，浙江海宁人。生于康熙三年（一六六四），卒于雍正五年（一七二七）。慎行弟。康熙四十五年（一七〇六）进士，授翰林院编修。以吏部尚书隆科多、左都御史蔡琛保奏荐举，官至礼部侍郎。雍正四年典试江西，甫回京即遭文字狱，以其所出试题讽刺时事，心怀怨望，抄家查出之日记笔韵语多犯忌而定罪，翌年死狱中，仍遭戮尸枭示，家族弟子多株连处斩，子长椿、兄嗣璟等流放三千里。
康熙四十五年丙戌,杭州府海宁县,陈世儒,"康熙四十一年(1702)乡试举人,康熙四十五年(1706)会试第一百五十九名,殿试第二甲第三十名,赐进士出身。","授刑部山西司主事,仕至江西建昌府知府。",,陈世信兄,,"(清)朱彭寿《旧典备征》卷四《科名佳话》页八八:""五子登科:浙江海宁陈饶子世儒,康熙丙戌进士”"
康熙四十五年丙戌,杭州府海宁县,许维楷,"康熙四十四年(1705)乡试举人,康熙四十五年(1706)会试第一百七十七名,殿试第三甲第二十一名;赐同进士出身。","未仕,终年七十八岁。",,,,《海宁州志稿》《人物志·文苑·清》：“许惟楷，字端平，号宜斋……康熙乙酉、丙戌联捷进士。兄惟枫殁，力肩抚孤，遂息意仕进，闭门矻矻手不释卷……终身不问医卜，其坚毅如此。卒年七十八。”
康熙四十八年己丑,杭州府海宁县,顾五达,康熙四十一年（1702）乡试第六十八名，康熙四十八年（1709）会试第二百四名，殿试第三甲第二十三名，赐同进士出身，授翰林院庶吉士。,康熙五十一年（1712）散馆，授翰林院检讨。,,,,
康熙四十八年己丑,杭州府海宁县,卢轩,康熙三十五年（1696）以大兴籍监生中式顺天乡试第一百十九名，因侨寄被劾，削籍斥归。后康熙南巡，献《圣德诗》十章，召试称旨，入南薰殿侍世宗于潜邸，与纂《佩文韵府》。康熙四十八年（1709）会试第七十名，殿试第三甲第三十二名，赐同进士出身，授翰林院庶吉士。,康熙五十一年（1712）散馆，授翰林院检讨。迁国子监司业，充武英殿总裁，与修《春秋传说汇纂》。终年五十六岁。,著有《春秋三传纂凡表》《韩笔韵蠡》《日堂文钞》《诗钞》。,,,（清）潘衍桐《两浙辅轩续录》第一册、卷四《卢轩》：“初名铭，字六以，海宁人。康熙己丑进士，官国子监司业。著《日堂诗钞》。《海昌备志》：“六以学有经术。康熙丙子，以大兴籍监生中式，旋因侨寄，被斥归。未几，召复举人，与纂《佩文韵府》。己丑成进士，授检讨，迁司业，与修《春秋传说汇纂》。”
康熙四十八年己丑,杭州府海宁县,管凤苞,康熙四十四年（1705）乡试第八十二名，康熙四十八年（1709）会试第二百四十八名，殿试第三甲第一百四十六名，赐同进士出身。,授直隶保定府高阳县知县，以事罢归。终年八十六岁。,著有《塞外纪行草》《读经笔记》。,,,
康熙五十一年壬辰,杭州府海宁县,查云标,"康熙四十七年（1708）乡试第四名, 康熙五十一年 (1712) 会试第十三名, 殿试第二甲第十五名, 赐进士出身。","康熙五十二年 (1713) 授内阁办事中书舍人, 雍正二年 (1724) 授礼部主客司主事。",,,,"《海宁州志稿》《人物志·文苑·清》: ""查云标, 字学庵, 号勉耘。为诸生时, 才望冠两浙。康熙壬辰进士, 历官主客司主事。性沉静, 读书不鹜虚名。既登仕籍, 于荣利泊如也。所著诗、古文、词咸中法度。"""
康熙五十二年癸巳,杭州府海宁县,陈世侃,"康熙四十七年 (1708) 乡试第七十五名, 康熙五十二年 (1713) 会试第一百四十九名, 殿试第三甲第二十五名, 赐同进士出身, 选翰林院庶吉士。","康熙五十四年 (1715) 散馆, 授翰林院检讨, 特授编修。康熙五十六年 (1717) 充山西乡试副考官。",著有《纲鉴辑要详注》《地理探原》。,"陈洗子, 陈世儒、陈世仁、陈世信弟",,《海宁州志稿》《人物志·文苑·清》：“陈世侃，字行之，号闻斋……康熙戊子，与兄世仁偕举于乡，癸已成进士，改庶吉士，授检讨。丁酉，典试山西，悉心甄拔，遍搜落卷，所得士往往登朝为名臣。平居纵览载籍，长于史事……所著《纲鉴辑要详注》《地理探原》共若干卷。”
康熙五十四年乙未,杭州府海宁县,陈邦直,康熙五十四年（1715）会试第一百一名，殿试第二甲第十三名，赐进士出身，选翰林院庶吉士。,康熙五十七年（1718）散馆，授翰林院编修，乞养归。乾隆南巡驻跸其家安澜园，恩晋翰林院侍读。,,曾祖元成，祖之阁，父元龙，母宋氏，生母王氏，具庆下。,娶汪氏。,
康熙五十四年乙未,杭州府海宁县,沈继贤,康熙四十四年（1705）乡试第四十二名，康熙五十四年（1715）会试第四十七名，殿试第二甲第十九名，赐进士出身。,授直隶永平府乐亭县知县，历山西太原府岚县、太原县知县，引老乞归。终年七十五岁。,,,,《海宁州志稿》《人物志·循吏·清》：“沈继贤，字传书，号鹤书。康熙乙未进士，授直隶乐亭知县，廉惠而有威……民咸德之。越五年，以缀征落职，民争先输纳，限内还故，官补山西岚县……廉名振三晋，调太原……引老乞归，训子孙义方，卒年七十五。”
康熙五十四年乙未,杭州府海宁县,陈武婴,康熙五十年（1711）乡试第二十五名，康熙五十四年（1715）会试第四十九名，殿试第二甲第三十二名，赐进士出身。,初任陕西西安府洛南县知县，以墨误罢。雍正十一年（1733）起补福建兴化府莆田县知县，复罢。乾隆八年（1743）再补福建建宁府崇安县知县。,,,,《清代官员履历档案全编》第一三册《雍正朝》页二：“陈武婴，浙江杭州府海宁县人，年肆拾柒岁，康熙伍拾肆年进士。原任陕西洛南县知县，雍正柒年柒月内，委解饷银，在静宁州地方失鞘银壹千两，经甘肃巡抚许容题参革职，著落分赔银伍百两，解交藩库。历俸伍年壹个月。”
康熙五十四年乙未,杭州府海宁县,陈世仁,康熙四十七年（1708）乡试第七十一名，康熙五十四年（1715）会试第三十八名，殿试第三甲第六十名，赐同进士出身，选翰林院庶吉士。,散馆授翰林院检讨。,著《少广补遗》《申论》。,祖元成，祖之间，父说，母查氏，具庆下。陈选第三子，世信、世侃兄。,,《海宁州志稿》《人物志·文苑·清》：“陈世仁，字元之，号换吾，清恪第三子。康熙戊子举人，乙未进士，入翰林……尝撰《少广补遗》付梓，见梅文鼎著《方程论》，以其义未周举，乃著《申论》六卷补之……以母夫人查氏年老失明，即乞终养。”
康熙五十七年戊戌,杭州府海宁县,张天翼,康熙五十六年（1717）乡试第十三名，康熙五十七年（1718）会试第七十三名，殿试第三甲第二十七名，赐同进士出身。,雍正三年（1725）授河南府偃师县知县，次年充河南乡试同考官。改浙江严州府建德县教谕，乾隆四年（1739）任直隶宣化府怀来县知县。终年七十八岁。,,,,《海宁州志》《循吏·进士·国朝》：“张天翼，字同彝，号佑斋。性孝友，读书工制艺。康熙戊戌进士，授河南偃师令。政尚平恕，不事严刑，纂《邑志略》十卷，语简事该。充丙午乡试同考，所取皆能文士。改建德教谕，朔望与诸生辨析经义，遇宾兴辄仿三场亲课之，天翼手批口答第高下悉合，在建十年，士习文体不变。迁直隶怀来知县，循声藉甚，罢归之日，士民攀辕追送，几不得行。居家杜门守正，励行穷经，卒年七十有八。”
康熙六十年辛丑,杭州府海宁县,祝寿名,廪监生。民籍。康熙五十三年（1714）顺天乡试第十二名，康熙六十年（1721）会试第二十六名，殿试第三甲第二十一名，赐同进士出身。,雍正元年（1723）授甘肃平凉府庄浪县知县，同年七月迁巩昌府凉州卫庄浪厅同知。,,山东济南府德州籍，浙江杭州府海宁县人。曾祖印，祖钦绪，父尔昌，母赵氏，严侍下。,娶氏？,《人物志·循吏·清》：“祝翼曾，字迪前，号补斋……子寿名，康熙辛丑进士，历凉州同知，檄办西藏军，以干济闻，卒于凉。初知庄浪县，多惠爱，遂葬于邑之大仙村。”
雍正元年癸卯,杭州府海宁县,许婷,康熙五十年（1711）乡试举人，雍正元年（1723）殿试第二甲第十七名，赐进士出身，选翰林院庶吉士。,雍正三年（1725）散馆，授翰林院编修。,著有《学稼轩集》。,,,
雍正元年癸卯,杭州府海宁县,马翼赞,雍正元年（1723）殿试第二甲第三十名，赐进士出身。,官山东东昌府濮州观城县知县。,著有《宝颖堂诗钞》。,,,
雍正元年癸卯,杭州府海宁县,陆宗楷,"雍正元年(1723)殿试第三甲第六十八名,赐同进士出身。","充景山官学教习,历翰林院检讨、日讲起居注官。乾隆朝,历迁国子监司业,司经局洗马,国子监祭酒,兵部、吏部侍郎,兵部、礼部尚书,充经筵讲官,补内阁学士。历充雍正七年(1729)、乾隆三十三年(1768)顺天乡试考官,乾隆三十一年(1766)会试考官。乾隆三十六年(1771)以原品休致。乾隆三十八年(1773)卒。",,,,
康熙,杭州府临安县,陈勋,康熙十四年（1675）乡试第二十九名，康熙十五年（1676）会试第九十二名，殿试第三甲第二十一名，赐同进士出身。,历任河南卫辉府辉县知县，陕西绥德州、甘肃阶州知州，授刑部主事，迁工部营缮司员外郎、刑部郎中，擢京畿道监察御史。罢归，终年八十七岁。,,,,《海宁州志稿》卷二八《人物志•循吏•清》：“陈勋……后以牵累罢归，卜居西郊，萧然物外，雅善丹青……卒，年八十七。”
康熙,杭州府钱塘县,汪肇衍,治《春秋》。顺治十四年（1657）乡试第五十九名，康熙三年（1664）会试第一百十名，殿试第二甲第三十四名，赐进士出身，选翰林院庶吉士。,康熙五年（1666）散馆，授刑部主事。以纂修《实录》，特授翰林院编修。康熙十一年（1672）充陕西乡试正考官。,,,,"《清圣祖实录》卷一二、康熙三年五月丙子：“谕吏部：选拔庶常原以作养人才，今科进士特
加简阅。取中……汪肇衍⋯⋯等十五员，俱著改为庶吉士，教习满书。”同上书卷二〇、康熙五年九月辛丑：“谕吏部：庶吉士申涵盼等教习已久，今加考试，分别授
职……邵吴远、吴元龙、劳之辨、汪肇衍、陈景仁、诸定远，以部属用。”"
康熙,杭州府钱塘县,许曰琮,治《易经》。顺治八年（1651）乡试第一百十八名，康熙六年（1667）会试第九十一名，殿试第三甲第四十名，赐同进士出身。,授内阁中书，康熙二十六年（1687）充陕西乡试副考官，累迁御史。,,,,
康熙,杭州府钱塘县,俞陈琛,,,,,,
康熙,杭州府钱塘县,徐灏,,,,,,
康熙,杭州府钱塘县,汪鹤孙,治《诗经》。康熙八年（1669）乡试第九名，康熙十二年（1673）会试第八名，殿试第三甲第二十二名，赐同进士出身，选翰林院庶吉士。,旋请假南归。著有《延芬堂集》《汇香词》《栖碧堂集》。,,,,"《清代诗文集汇编》一六二册、页一：“……康熙十二年（一六七三）进士，选翰林院庶吉士。心无宦情，虽早入词馆，旋请假南归。性好游，与孙枝蔚、冒襄、王士禛、赵执信等人相交。工诗词。有《延芬堂集》《汇香词》《栖碧堂集》等。参考文献：
《词林辑略》 卷二、《延芬堂集》卷上。〞
（清）王晫《今世说》卷六《伤逝》（《清代笔记小说大观》第一册页一七八）：“汪梅坡早年子女不育，哭之甚哀。每一念至，辄疑身是眼泪结成。汪名鹤孙，字雯远，浙江钱塘人。神情飞动，识解过人，钱虞山目为间钟之才。癸丑进士，官翰林。”"
康熙,杭州府钱塘县,徐潮,治《易经》。康熙十一年（1672）乡试第十四名，康熙十二年（1673）会试第三十名，殿试第三甲第十五名，赐同进士出身，选翰林院庶吉士。,康熙十四年（1675）散馆，授翰林院检讨，累迁詹事府少詹事，通政使司通政使，工部、刑部、兵部侍郎，都察院副都御史。充康熙十八年（1679）、三十三年（1694）会试考官。康熙三十九年（1700）任河南巡抚，康熙四十三年（1704）擢户部尚书，充经筵讲官兼日讲起居注，兼管翰林院掌院学士事，进吏部尚书。纂修《三朝国史》《平定方略》《明史》《佩文韵府》，三充钦差大臣，扈驾南巡。乞休，以原官致仕。康熙五十四年（1715）卒，终年六十九岁。乾隆九年（1744）追谥文敬。著有《愿学录》等。,,,《中国科举录汇编》第一三册《康熙二十一年壬戌科同年序齿录》：“赵珣，字伸琳，号绎亭。行二。已亥年六月初五日生。顺天府通州武清县民籍⋯⋯⋯继室徐氏，癸丑进士、现任翰林院检讨浩轩胞妹。”,"《中国科举录续编》第一七册页三八五《光绪六年庚辰科会试同年齿录》：“徐琪，字涵哉，号花农。行一，咸丰戊午年十二月二十九日吉时生。系浙江杭州府仁和县学优行廪膳生，民籍⋯⋯九世祖讳潮，字青来，号浩轩。诰授光禄大夫。康熙壬子举人，癸丑进士。翰林院检讨，左右春坊赞善、谕德、庶子，詹事府少詹，通政使司通政使，工部待郎，刑部侍郎，兵部侍郎，都察院副都御史，河南巡抚，户部尚书，经筵讲官兼日讲起居注，翰林院掌院学士，教习庶吉士，吏部尚书……赐谥文敬，晋赠太子太保、太子太傅、东阁大学士，谕赐祭葬，入祀贤良祠，《国史》列传。著有《愿学录》及《诗文集》，诗采入《杭郡诗辑》，省志及他省《名宦志》俱载政绩。”
（清）阮葵生《茶余客话》卷二《徐潮》（《清代笔记小说大观》第三册页二四九四）：“徐文敬公潮，先世业渔。生公之日，江潮大上，一小舟为风漂没，徐翁急救之，得无恙。僦舟者为邻省孝康入都赴试者，翁延至家，致鸡黍之敬。次日洗儿，请孝廉命名，以江潮之异，遂名曰潮。其后孝廉累不第，而文敬早达，至某科以编修分校，孝廉得售，适出其门。”"
康熙,杭州府钱塘县,汪霦,民籍。治《礼记》。康熙十一年（1672）乡试第三名，康熙十五年（1676）会试第二十二名，殿试第二甲第十三名，赐进士出身。,初授行人司行人，康熙十八年（1679）召试博学宏词，钦定一等第四名，授编修，纂修《明史》。历詹事府右春坊赞善，康熙四十二年（1703）授翰林院侍讲学士，转侍读学士。以原衔充日讲官起居注，纂辑《方略》，书成，升詹事府詹事，迁内阁学士兼礼部侍郎，仍兼管詹事府事。纂修《佩文韵府》成，升户部右侍郎。终年六十六岁。著有《西泠唱和集》。,,,《康熙十八年鸿博姓氏录》：“汪矩，字朝采，号东川。行一，甲午年正月初五日生。浙江杭州府钱塘县，民籍。壬子三名，丙辰二十三名，殿试二甲十三名。授行人司行人。己未由荐举御试，授翰林院编修。娶钱氏，前庚辰进士江西督粮道武山公讳喜起孙女。”,康熙《钱塘县志》卷一九《人物•名臣•国朝》：“汪矩，字朝采，号东川……为童子试冠军，是年即受知学使者，补钱塘学生。年二十授徒里塾……壬子岁，以第三人中式，丙辰会试登进士第，起家行人司行人。戊午，上命内外大臣荐举博学宏词，沈公荃以霦应召。己未春，召赴体仁阁下，试《璿玑玉衡赋》《省耕诗》，钦定一等第四名，蒙恩改官翰林院编修，纂修《明史》，飛分纂志、传二十余。辛酉典试陕西，时同考多高年者，阅卷不尽，悉自取阅之，阅牍四千余，无一遗者，榜发，皆孤寒知名士。甲子秋，迁右春坊赞善……癸未秋，补授翰林院侍讲学士，随转侍读学士。甲申春，奉旨以原衔充日讲官起居注，纂辑《方略》，不数月成书六卷，进呈称旨，升詹事府管事，旋升内阁学士兼礼部侍郎，仍兼管詹事事⋯⋯编纂《佩文韵府》成，升授户部右侍郎，即谕仍兼正詹…卒，年六十有六。”
康熙,杭州府钱塘县,何矞云,治《礼记》。康熙二年（1663）乡试第三十六名，康熙十五年（1676）会试第十一名，殿试第二甲第二十二名，赐进士出身。,授内阁中书，康熙二十五年（1686）任湖南郴州直隶州桂东县知县。吏部行取主事，病归。聚徒讲学，学者称曾园先生。著有《秋水堂诗集》。,,,,
康熙,杭州府钱塘县,裘充美,康熙十一年（1672）顺天乡试第二十八名，康熙十五年（1676）会试第一百十三名，殿试第三甲第一百二十四名，赐同进士出身。,授内阁中书，康熙十七年（1678）充山西乡试考官。由中书考选广西道监察御史，康熙二十一年（1682）巡视两准盐课，榷使不睦，罢官去。,,,,康熙《钱塘县志》卷一九《人物 •名臣•国朝》：“裘克美，字大文，号敬亭……绡丙辰进士，由中书考选御史，居官清介有风节。巡视两准盐漕……榷使龃龉，共相泰揭，卒罢官去。自登第历官，废其先人遗业，后人迁居吴门。”
康熙,杭州府钱塘县,龚宜生,,,,,,
康熙,杭州府钱塘县,汪兆璂,,,,,,
康熙,杭州府钱塘县,赵苍璧,治《诗经》。康熙十七年（1678）乡试第四十四名，康際二十一年（1682）会试第八十五名，殿试第三甲第四十名，赐同进士出身。,康熙二十六年（1687）谒选，授湖广黄州府麻城知县。康熙二十九年（1690）特旨行取授山西道监察御史，协理陕西、山西、河南道事，兼蜜吏、兵、刑、工各部及掌登闻 院。康熙三十三年（1694）以劳卒，终年五十九岁。著有《诗经性理全解》《宇义考订》《西陵治略》《巡城诗集》《琪树堂文稿》《晚香亭诗稿》等。,,,,《国者献类征初编》卷一三四《谏臣》之《这苍 》（墓志铭，许汝稼撰）：“君讳苍壁，字晋褒，圈庵其别号也。先世随高宗南迁，分支居于越，自见庵公徒饯唐……壬戌，成进士⋯⋯丁卯，谒选得楚之麻城•⋯以御史用……试满，实授协理陕西、山西、河南道事，两掌山西道，兼察吏、兵、刑、工各部及掌登闻鼓院⋯⋯以积劳成疾，卒于康熙三十三年十月初九日，距生前祟祯丁丑国四月朔，享年五十有九。”
康熙,杭州府钱塘县,陆筠,治《易经》。康熙二十年（1681）乡试第五十一名，康熙二十四年（1685）会试第六十四名，殿试第二甲第二十四名，赐进士出身。初授直隶真定府隆平知县，调江西南安府上犹县。归家著书，著有《树德堂集》《医学纂要》。,,,,,光绪《平湖县志》卷一六《人物二•列传二•国朝》：“陆，字岘文⋯⋯家贫授徒自给，湖州王教谕毅、常熟汪修撰绎未贵时皆执贽门下。康熙乙丑成进士，授直隶隆平知县，调繁上犹，抑豪猾，扶善良，士民称神明焉……归田后，键户读书如未达时。诗出入唐宋，有《树德堂集》。兼善长桑术，著《医学纂要》六卷。”
康熙,杭州府钱塘县,查嗣韩,习《诗》。康熙二十六年（1687）顺天乡试五经举人第一名，康熙二十七年（1688）会试第三名，殿试第一甲第二名（榜眼），赐进士及第，授翰林院编修。,充康熙二十七年（1688）、三十年（1691）会试考官，未改官卒。,,雍正《敕修浙江通志》卷一七八《人物六•文苑一•杭州府•国朝》：“查嗣韩，字荆州，海宁人。家赤贫，过时而学，初不知有司尺度……,,"雍正《敕修浙江通志》卷一七八《人物六•文苑一•杭州府•国朝》：“查嗣韩，字荆州，海宁人。家赤贫，过时而学，初不知有司尺度……康熙丁卯，以五经应顺天乡试，监试御史斥其违式，既又奇其才，以嗣韩及福建举人林文英各二十三艺并皆奏闻。奉旨召试殿陛间，未逾时，得文三首，上大喜，命一体会试。未揭榜，而两人已脱蓝，诚异数也。制科之式，士古一经，无有兼他生所习者，自明代二百七十年间，独颜茂猷、谭贞良以五经进士称……五经中额实自嗣韩发之。戊辰捷南宫，廷试一甲第二，授编修。辛未充会试同考，尝主顺天武乡试，未改官而卒。
《海宁州志稿》卷二九《人物志二•文苑•清》：“查嗣韩，字荆州，号皋亭⋯⋯才补钱塘诸生，旋入监，肄业十三年，不问家耗，覃精攻苦，夜分欲睡，辄举火灼两臂，至无完肤。康熙丁卯应顺天乡试，与侯官林文英各成五经文二十三艺，违式当摈，监试御史奇其才，奏之。奉旨召试，未逾时得文三首，上大喜，命一体会试，未揭榜而两人已脱蓝，诚异数也。自明代颜茂猷、谭贞良以五经赐进士，国朝法若贞与嗣韩先后相继，至乙酉遂设五经中额，实自嗣韩发之。戊辰举进士及第，授编修。辛未充会试同考，己卯主顺天武乡试，未改官而卒。”"
康熙,杭州府钱塘县,丘昇,榜姓名丘昇，复姓查。字仲韦，号汉中、声山。治《诗经》。康熙二十六年（1687）浙江乡试举人，康熙二十七年（1688）会试第一百四十四名，殿试第二甲第二名，选翰林院庶吉士。,康熙三十六年（1697）散馆，授编修，撰《国史》，分录御制文集。康熙三十八年（1699）充江西乡试考官。入直南书房，分纂《佩文韵府》，充日讲官，累迁詹事府少詹事，兼侍讲学士。赐第西华门，题其堂日“滄远”。康熙四十六年（1707）以劳疾卒于官，终年五十八岁。昇负诗文盛名，尤工书法，著有《谵远堂集》《宫詹公存稿》等。,,查慎行族子。同上书第二七七册、桑调元《弢甫文集》卷一〇八《封太恭人待赠淑人沈母查太君墓志铭》页四O六上：“同里沈太恭人查太君……太恭人出海宁右族查氏，考讳昇，进士，翰林，累官少詹事。”,,"《清代诗文集汇编》一七七册页一：“查昇，榜名丘昇，字仲韦，号声山，浙江海宁人。生于顺治七年（一六五〇），卒于康熙四十六年十二月二十一日（一七〇八）。查慎行族子。康熙二十七年（一六八八）进士，改翰林院庶吉士，散馆授编修。三十八年主考江西乡试。充日讲官，由谕德庶子升少詹事。直南书房，推奖后进，无妒嫉心，为人称道。赐第西华门，题其堂目淡远。后改赐厚载门外，以绩劳卒于官。诗笔清丽，尤工书法，得董其昌神韵。
《海宁州志稿》卷二九《人物志二•文苑•清》：“查昇，字仲韦，号声山⋯••康熙戊辰进士，入词馆，知起居注。在官慎密，书法特妙，上选儒臣侍直，朝夕备顾同……由是日见亲倚，尝进所书金字经，上称善曰：他人书皆有俗气，惟查升乃脱俗耳⋯⋯寻擢谕德，历少詹事。屡扈巡幸锡予便蕃，赐第西华门，题其堂日‘澹远’⋯⋯丁亥冬卒。”"
康熙,杭州府钱塘县,陆寅,治《春秋》。康熙二十六年（1687）顺天乡试第八名，明年会试第十七名，殿试第二甲第三十四名，赐进士出身。,归班铨选知县，时年十六岁。父圻，受庄廷鑨案牵连入狱，释放后弃家远游，寅万里寻父不得，未通籍而病卒，终年四十三岁。著有《玉照堂集》《浣花集》《自知录》。,,,,"（民国）徐世昌《清儒学案》卷一七《潜斋学案•甸华弟子•陆先生寅》第一册页四八八：
“陆寅，字冠周，仁和人。父圻，字丽京，少负才名……庄廷鑨史祸作，株连下狱，仅乃得白……父既出游，乃奉病母以居。母卒，有传父所在者，万里行求，朱彝尊为作《零丁》以哀之。十余年不归，然竟不可得。康熙二十七年成进士，逾年咯血卒。有《玉照堂集》。”"
康熙,杭州府钱塘县,钱肇修,,,,,,
康熙,杭州府钱塘县,陈成永,康熙十六年（1677）乡试三十四名，康熙三十年（1691）会试第十九名，康熙三十三年（1694）补殿试，第二甲第八名，赐进士出身，选翰林院庶吉士。,未散馆，以内艰归，寻卒。著有《攸好德堂集》。,,,,
康熙,杭州府钱塘县,陈恂,,,,,,
康熙,杭州府钱塘县,王家骕,,,,,,
康熙,杭州府钱塘县,朱良佐,,,,,,
康熙,杭州府钱塘县,查克建,习《诗》。康熙三十二年（1693）乡试第三十九名，康熙三十六年（1697）会试第九十八名，殿试第三甲第九名，赐同进士出身。,授直隶保定府束鹿县知县，扣户部主事，累迁刑部河南司郎中。外擢陕西凤翔府知府，未之任卒。著《纪恩诗钞》。,,查慎行长子。,,《清代诗文集汇编》第二二二册、方苞《望溪先生全集》卷十《翰林院编修查君墓志铭》页一四O上：“君讳嗣琏，字夏重，后更名慎行，浙江海宁人⋯⋯（子）克建，丁丑进士，凤翔知府。”同上书第三〇三册、全祖望《鲒埼亭集外编》卷七《翰林院编修初白查先生墓表》页八四下：“先生名嗣，宇夏重，别署查田，改名慎行，字悔余，别署初白，浙江杭州府海宁县人⋯⋯先生长子克建成进士最早。后三年，先生次弟嗣琛继之，翰林。又三年，先生入馆。又三年，嗣廷继之，克建亦入力刑部。”
康熙,杭州府钱塘县,高舆,治《易经》。康熙三十八年（1699）乡试第三十九名，康熙三十九年（1700）会试第十二名，殿试第二甲第十名，赐进士出身，授翰林院清书庶吉士。,乞归家侍养祖母。康熙四十四年（1705）南巡，特授编修，命居家校刊《佩文斋咏物诗选》及《渊鉴类涵》，书成，赴京补原官。康熙亲赐“谷兰斋”匾，命纂修《骈字类编》，未竣卒。著有《谷兰斋集》。,,高士奇子。,,光绪《平湖县志》卷一六《人物二•列传二•国朝》：“高舆，原名元受，字巽亭，号青壁，礼部侍郎文恪士奇长子。康熙庚辰进士，选翰林院庶吉士，即乞假归，侍养祖母俞太夫人。癸未士奇卒，上即命舆校《皇舆表》，事竣，乙酉南巡，特授舆编修，命即家开局，校刊《佩文斋咏物诗选》《渊鉴类函》二书。书成，赴补原官，赐第畅春园北，自是入则侍直，出则扈从，从容簪笔，朝夕恪勤。寻奉旨纂《骈字类编》，未竣而卒……上尝书‘谷兰斋’赐与舆，因以名其集，凡诗六卷。”
康熙,杭州府钱塘县,沈近思,,,,,,
康熙,杭州府钱塘县,金之存,,,,,,
康熙,杭州府钱塘县,凌绍焻,,,,,,
康熙,杭州府钱塘县,范允𨧨,,,,,,
康熙,杭州府钱塘县,鲍夔,,,,,,
康熙,杭州府钱塘县,查慎行,"治《诗经》。少受学于余姚黄宗族。康熙三十二年
(1693) 顺天乡试第二十名，康熙四十一年 (1702) 献诗赋，随驾入京，直南书房。明年会试第五十八名，殿试第二甲第二名，赐进士出身，授翰林院庶吉士。",未散馆，特授编修，充武英殿校勘，以病乞假。因其弟查嗣庭案获罪，后放归田里。雍正五年 (1727) 卒，终年七十八岁。著有《敬业堂集》《周易玩辞集解》《经史正讹》《陪猎笔记》《黔中风土记》《庐山游记》等；补注《苏文忠公诗》，搜罗甚富。,,,,"《清史稿》卷四八四《查慎行传》 ：“查慎行，字悔余，海宁人……康熙三十二年，举乡试。其后圣祖东巡，以大学士陈廷敬荐，诏诣行在赋诗。又诏随入都，直南书房。寻赐进士出身，选庶吉士，授编修……充武英殿书局校勘，乞病还。坐弟嗣庭得罪，阖门就速。世宗识其端瑾，特许放归田里……著《敬业堂集》《周易玩辞集解》，又补注《苏诗》，行于世。”
《海宁州志稿》卷二九《人物志二•儒林 •清》：“查慎行，字夏重，号悔余。父崧继，见义行。慎行少肆力经史百家…⋯继登黄征君宗羲门，诣益邃年。甫壮出游，足迹半天下，故纪游诗最富。康熙癸酉举顺天乡试，壬午用宰执荐召入内廷，明年成进士，特除编修。扈从塞外者三岁……充武英殿总裁，纂述皆称旨。平生恬退而重名节，有在事者遇同僚以非礼，起争之，为所嗛，遂告归……晚成《周易玩辞集解》，尤精粹得力处。后以家督获罪……与其子克念并放归，筑初白庵以居，学者称初白先生。卒年七十八。”"
康熙,杭州府钱塘县,许田,,,,,,
康熙,杭州府钱塘县,章藻功,,,,,,
康熙,杭州府钱塘县,吴煐,,,,,,
康熙,杭州府钱塘县,虞弘,,,,,,
康熙,杭州府钱塘县,叶昌,,,,,,
康熙,杭州府钱塘县,闵佩,,,,,,
康熙,杭州府钱塘县,包括,,,,,,
康熙,杭州府钱塘县,吴观城,,,,,,
康熙,杭州府钱塘县,汪见祺,,,,,,
康熙,杭州府钱塘县,金虞廷,,,,,,
康熙,杭州府钱塘县,徐云瑞,,,,,,
康熙,杭州府钱塘县,汪泰来,治《诗经》。康熙四十四年 (1705) 南巡，泰来迎銮并进诗册，召入内廷，参与纂修。康熙五十年 (1711) 顺天乡试第三十三名，钦赐康熙五十一年 (1712) 殿试，登第二甲第三十一名，赐进士出身。,授内阁中书，康熙五十二年 (1713) 调广东潮州府海防同知，丁忧去职。著有《半舫 》。,,,,《两浙楢轩续录》第一册、卷四（汪泰来）：字陛交，号后山，檄州人，钱塘籍，康熙壬辰进士，官广东潮州同知。著《半舫集》。（《府志》：潮州奸民往往运米济海盗，奉宩严禁缉，杜绝之，民始安息。管东西两界盐场．发帑不假手胥吏，赴场督收余盐，不今利归私贩，场课溢额。革鱼船规例，禁？勘供应，以羡朴前官亏阙。戊戊夏，山水暴发，决北门外堤，倡议捐筑，躬先？？，不数月堤成，民称为汪公堤。）”
康熙,杭州府钱塘县,徐圮,,,,,,
康熙,杭州府钱塘县,沈世屏,,,,,,《海宁州志稿》卷二八《人物志一•循吏 •清》：“沈贞亨，（字）仲嘉，号静园。顺治壬辰进士……子云……云子世屏，为钱塘名诸生。康熙壬辰进士，历检讨。雍正初，简词臣久次练达者改外任，世屏得长沙知府，率属勤民，力疏支江以安舟楫，尤汲汲兴士学，选其尤者入岳麓书院亲教之。性高简不宜上官，解组归。”
康熙,杭州府钱塘县,顾沈士,,,,,,
康熙,杭州府钱塘县,周澂,,,,,,
康熙,杭州府钱塘县,徐本,治《易经》。康熙五十二年 (1713) 乡试第三十二名，康熙五十七年(1718) 会试第一百三十四名，殿试第二甲第十二名，赐进士出身，选翰林院庶吉士，时年三十六岁。,康熙六十年 (1721) 散馆，授翰林院编修，入直武英殿，分纂《子史精华》《骈字类编》，充政治典训 纂修官。雍正元年 (1723) 与修《圣祖实录》，晋詹事府左春坊左赞善，转翰林院侍读，提督贵州学政，擢湖北布政使。内召为左都御史，充经筵讲官，晋工部尚书，协办大学士事务。充校对《三朝实录》《皇清文颖 》两馆总裁官，兼理都察院左都御史事。乾隆即位，授东阁大学士、兼礼部尚书、兼管刑部尚书事务。乾隆三年 (1738) 授机大臣，赐紫禁城骑马，加太子太保，兼管户部。以疾乞归。乾隆十二年 (1747) 卒，终年六十五岁，谥文穆。著有《诗文集》。,,,,《清代硃卷集成》第四六册《会试科年．光绪庚辰科·徐琪》：“历充顺天乡试同考官，律例馆总裁，武英殿蔡修、校对，三朝实录、皇清文颖两馆总裁，蔡修《渊鉴类函》《子史菁华》 ，五充殿试读卷官，三阅会试回避卷，本省钦差大臣，南书房行走，紫禁城骑马，赐第京邸，御赐｀福＇字及｀清德镇俗＇匾额并御制诗三章、手敕一道。扈跸谒陵及屡次巡幸，恩赏如意并御用冠服文绮貂裘，追赠少傅，赐谥文穆，谕赐祭葬，入祀贤良祠，国史列传。著有诗文集。诗采入《杭郡诗辑》，省志及他省名宦志俱载政绩。”
康熙,杭州府钱塘县,郑江,治《尚书》。康熙五十二年 (1713) 乡试第四名，康熙五十七年(1718) 会试第四十八名，殿试第三甲第十名，赐同进士出身。选翰林院庶吉士，充明史馆栠修官。,散馆授翰林院检讨，充《大沛一统志》纂修官，迁衔事府右春坊右赞善，充山东乡试主考官，晋侍讲。雍正十三年 (1735) 提督安徽学政，以足疾解官。乾隆十年 (1745) 卒，终年六十四岁。著有《春秋集义 二十卷、《诗经集沽》四卷、《礼记集注》二卷。与修《明史》时著《明志稿）六卷、《明太祖本纪》八卷、《列传》十卷。所著《筠谷诗钞》七卷已刊刻。,,,,"《广清碑传集》卷七、全祖望《郑侍读筼谷先生墓碑铭》： ＂筼谷先生郑氏，讳江，字玑尺，浙之杭州府钱塘县人。由康熙戊戌进士改庶常，授检讨，同修《明史》，再参《一统志》局事。迁赞善，提督江安学政。迁侍读，以足疾乞解官……所著有《筼谷诗集》，已行世。”
书卷一二五《词臣》之《郑江》（行状，杭世骏撰）：“公姓郑氏，名江，字玑尺，晚号筼谷……曾祖少南以授经来钱唐，娶于赵，遂家焉……戊戌成进士，改庶常……充明史馆纂修官……授检讨。复丁母忧归里，巡抚李敏达公聘主敷文书院……服阙入词馆，大宗伯吴县吴文恪公奏充《大清一统志》蔡修官……甲寅，晋右春坊右赞善……视学安徽（以足疾乞告回籍）……晚集诸家之说为《春秋集义》二十卷……又为《诗经集诘》四卷、《礼记集注》二卷。与修《明史》时有《明志稿 》六卷、《 明太祖本纪》八卷、 《列传》十卷。修《 纲目》时有《明纲目》三卷……巳刻《筠谷诗钞》七卷……未刻者又《书带草堂诗钞》三十三卷、《 文集》 八卷、 《赋四六》共一卷、《词》一卷。其他若《析醒录》三卷、 《粤东纪游》一卷，则公之杂著也……公生于康熙壬戌二月二十六日，终于乾隆乙丑二月二十九日，春秋六十有四。”
《清代诗文集汇编》第二五 册、页四八五：“郑江，字玑尺，号赁谷，晚号筠谷，浙江钱塘（今属杭州）人。生于康熙二十一年（一六八二），卒于乾隆十年（一七四五）。康熙五十七年（一七一八）进士，选翰林院庶吉士，充明史馆纂修官。散馆授检讨，官至翰林院侍讲，以足疾告归。性淡泊，有指其失及改定者，终身敬礼之。尝从长洲何婥遊，湛深经学，诗文长于抒情。有《筠谷诗钞》《书带草堂诗文集》等。参考文献：《清史列传》卷六八、《国朝诗人徵略》卷二一、《词林辑略》卷二。"
康熙,杭州府钱塘县,戴洪禌,治《礼记》。康熙五十六年 (1717) 顺天乡试第五十九名，康熙五十七年 (1718) 会试第二十名，殿试第三甲第八十七名，赐同进士出身。,留京教习期满，考取一等第十八名，授陕西延安府安定县知县。,,内阁文库《康熙五十七年进士登科录》：“第三甲一百二十二名，赐同进士出身：戴洪磁，贯浙江省杭州府钱塘县，民籍。监生，治《礼记》。字稚绳，行一，年四十五岁，九月初八日生。曾祖汝秀，祖大受，父尚友，生母彭氏，母吴氏，继母岳氏，永感下 娶江氏。丁酉科乡试第五十九名，会试第二十名。”,,
康熙,杭州府钱塘县,顾兆麟,治《春秋》。康熙四十一年 (1702)试第三十九名，康熙五十七年 (1718) 会试第十九名，殿试第三甲第九十五名，赐同进士出身。,,,"内阁文库《康熙五十七年进士登科录》：“第三甲一百二十二名，赐同进士出身：顾兆麟，贯浙江杭州府钱塘县民籍。膜膳生，治《春秋》。字圣郊，行一，年四十一岁，八月初四日生。曾祖
溃，祖俊，父正乾，母莫氏，永感下。娶符氏。壬午科乡试第三十九名，会试第十九名。”",,
康熙,杭州府钱塘县,姜邵湘,治《尚书》。康熙五十六年 (1717)顺天乡试第二十二名，康熙六十年 (1721) 会试第四十九名，殿试第二甲第六名，赐进士出身，选翰林院庶吉士。散馆改知县，,雍正二年 (1724) 授山东青州府临淄县知县，雍正四年 (1726) 任永州府知府，雍正十一年 (1733) 捆湖广荆州道。,,,,《清代官员履历档案全编》第第一四册《雍正朝》页三〇九：“臣姜邵湘，浙江杭州府钱塘县人，年四十二岁。由贡生中康熙五十六年丁酉科第二十二名举人，六十年辛丑科第二甲第六名进士，授翰林院庶吉士。恭逄皇上御极以来广开言路，著庶吉士各上奏折，又命翰林官撰拟圣谕广训，臣以新进下士谬陈管见，妄渎宸聪。恩科会试钦点外帘官，十月二十六日引见，奉旨以州县用。今蒙挑选同知，恭候引见。”
康熙,杭州府钱塘县,姚之驸,廪膳生。商籍。康熙四十六年 (1707)南巡，献《类林新咏》，明年乡试第三名，康熙六十年 (1721) 会试第四十四名，殿试第二甲第八名，赐进士出身，选翰林院庶吉士。雍正元年 (1723) 散馆，授翰林院编修，雍正四年 (1726)陕西道监察御史，雍正七年 (1729) 调直隶保定正定河间等处监察御史。著有《后汉书补逸》《元明事类钞》《古今体诗》。,,,,,
康熙,杭州府钱塘县,沈成琏,附生。民籍。康熙五十九年 (1720) 乡试第九十八名，康熙六十年 (1721) 会试第一百二十五名，殿试第三甲第十名，赐同进士出身。,"雍正元年(1723), 由内官学习教习补授内阁办事中书舍人，累迁宗人府主事。",,曾祖君相，祖肇昌，父廷献，母王氏，具庆下。娶姚氏。庚子科乡试第九十八名，会试第一百二十五名。”,,
康熙,杭州府钱塘县,王溥,,,,曾祖士龙，祖名世，父修玉，母诸氏，继母沈氏，永感下。娶汪氏，继娶厉氏。乙酉科乡试第三十四名，会试第二十五名。”,,
康熙,杭州府钱塘县,王元穉,,,,,,
康熙,杭州府钱塘县,王乔林,,,,,,
康熙,杭州府海宁州,沈珩,灶籍。治《易经》。顺治十七年（1660）乡试第十八名，康熙三年（1664）会试第一名（会元），殿试第二甲第一名（传胪），赐进士出身。归家，十五年不仕。,康熙十八年（1679）荐举博学宏词入格，授翰林院编修，纂修《明史》，同年充顺天府乡试副主考。以疾乞归，康熙三十四年（169S）卒，终年七十七岁。沈珩著作甚丰，在经学、史学、文学、笔记、养生医药等方面均有著述或纂辑。,,,,
康熙,杭州府海宁州,陈论,治《礼记》。顺治十四年（1657）乡试第四十九名，顺治十八年（1661）会试中式，康熙三年（1664）补殿试，第三甲第六十六名，赐同进士出身，选内弘文院庶吉士。,康熙五年（1666）散馆，授内弘文院检讨，明年充会试同考官。历任侍读学士、少詹事、都察院副都御史、刑部侍郎，康熙三十八年（1699）充河南乡试考官，文学侍从三十余年。因谳案未当罢归，终年七十四岁。著有《旸砚斋诗集》。,,,,"雍正《敕修浙江通志》卷一七八《人物六•文苑一•杭州府•国朝》：“陈论，《乡贤留祀册》：字谢浮，海宁人。顺治辛丑进士，甲辰选翰林，历讲读学士、副都御史，晋刑部侍郎。文学待从三十余年，迁风纪之任，风度端凝，主试中州，所拔皆寒酸。”
《海宁州志稿》卷二八《人物志•名臣•清》：“陈论，字谢浮，号两斋。顺治辛丑中会试，康熙甲辰成进士，选庶常，读书中秘，凡内府金石之藏靡不淹贯，而于国书尤覃思熟习，本朝大著作如《实录》《会典》《平定方略》《皇舆表览》《古辑览》《明史》《类函》诸书纂修考订，皆出其手。丁未分校礼闱，甄拔皆名士。己卯主试中州……由少詹擢副宪，镇静守法，不务为搏击⋯⋯迁少司寇，各省上狱必手自核审，不假吏人……后以一谳案未当；大司寇王士祯手定题稿，事涉论，论不复申辦分过，罢归。家居六年，日手一编自娱，年七十有四卒。”"
康熙,杭州府海宁州,王筠,,,,,,
康熙,杭州府海宁州,徐昶,,,,,,
康熙,杭州府海宁州,虞文彪,,,,,,
康熙,杭州府海宁州,葛惠保,,,,,,
康熙,杭州府海宁州,张曾祚,,,,,,
康熙,杭州府海宁州,钱之焘,,,,,,
康熙,杭州府海宁州,张英,,,,,,同治《鄞县志》卷四一《人物传•皇朝一》：“张嘉昺⋯⋯（子）英，字仲张，幼有圣童之目。康熙十二年进士，官中书舍人，荐举博学鸿词报罢，历官礼、户二部郎中，以佥事提学广东，丁母忧归。英礼闱出桐城张英门，时有‘大小张英’之号。及十七年，张子廷瓒复出英门人，传为佳话。”
康熙,杭州府海宁州,陈齐永,,,,,,
康熙,杭州府海宁州,翁暠,,,,,,
康熙,杭州府海宁州,蒋德昌,治《易经》。康熙十一年（1672）乡试第二十九名，康熙二十一年（1682）会试第二十七名，殿试第二甲第十三名，赐进士出身。,初授内阁中书，典康熙二十九年（1690）广西乡试。历官工部营缮司、都水司员外郎，擢刑部山西司郎中，出任湖广提学佥事，以劳卒，终年七十岁。,,,,《海宁州志稿》卷二八《人物志•循吏•清》：“蒋德昌，字聿修，号凝斋…⋯登康熙壬戌进士。授中书，迁屯田主事兼督两窑，值新建太和殿，综理精密，历营缮、都水员外郎，刑部山西司郎中。出为湖广提学佥事……以劳卒，年七十。”
康熙,杭州府海宁州,许汝龙,治《易经》。康熙十四年（1675）乡试第七名，康熙二十一年（1682）会试第六十名，殿试第二甲第二十名，赐进士出身，授翰林院汉书庶吉士。,散馆授编修，迁侍讲学士，康熙三十年（1691）提督江南学政。历工部、户部、礼部待郎，晋礼部尚书兼理户部，充康熙二十六年（1687）四川乡试、康熙四十二年（1703）会试考官。康熙五十九年（1720）卒于家，终年八十一岁。著有《德星堂文集》《诗集》《河工集》等。,,,,"雍正《敕修浙江通志》卷一七八《人物六•文苑一•杭州府，国朝》：“许汝霖，（《公举事实》）号时庵，海宁人。天性孝友，中康熙壬戌进士，选庶常。历赞善，督江南学政……升工部侍郎，历户、礼两部侍郎，晋礼部尚书，予告归。汝霖读书，根抵六经，旁及子史，故发为文章词醇理正⋯⋯⋯所著有《德星堂文集》十二卷、《诗集》五卷行世。”
《海宁州志稿》卷二八《人物志•名臣•清》：“许汝，榜名汝龙，字时庵•⋯中康熙壬戌进士，选庶常。历赞善，视学江南，厘正文体，整伤士风，试卷脍炙人口。丁卵典试四川，癸未总裁会试……科场例不录五经卷，汝霖任礼部侍郎，力持之，得增额有差……召为户部侍郎，寻晋礼部尚书兼理户部……立朝三十年，精白乃心，圣祖嘉其绩，亲书‘清慎’匾额赐之⋯⋯归，著书讲学，式化乡间。年八十三卒。”"
康熙,杭州府海宁州,陈元龙,治《春秋》。康熙十七年（1678）乡试第四十二名，康熙二十四年（1685）会试钦定二名，殿试第一甲第二名（榜眼），授翰林院修撰。,历日讲官起居注、翰林院编修，直南书房，累迁侍读学士，授翰林院掌院学士。充康熙二十七年（1868）会试考官，康熙三十八年（1699）陕西乡试考官。康熙五十年（1711）晋吏部侍郎，授广西巡抚，擢工部、礼部尚书。雍正朝，授太子太保、文渊阁大学士兼礼部尚书，以老乞休，加太子太傅致仕。乾隆元年（1736）卒，谥文筒。著有《爱日堂集》等。,,,,"《国朝者献类征初编》卷一二《宰辅十二》之《陈元龙》（国史馆本传）：“陈元龙，浙江海宁人。康熙二十四年一甲二名进士，授编修，入直南书房。二十五年，充日讲起居注官……（二十八年，因高士奇案而休致回籍。）三十年十月，诏复任……三十九年，迁侍讲学士。明年，转侍读学士⋯⋯四十九年，服阕，擢翰林院掌院学士，教习庶吉士，复充经筵讲官。五十年，授吏部右侍郎。四月，转左。八月，擢广西巡抚……五十七年，擢工部尚书，复充教习庶吉士。六十年，调礼部尚书……六十一年，世宗宪皇帝御极，诏元龙奉守景陵，仍食礼部尚书偉⋯（雍正七年）
授元龙文渊阁大学士，兼礼部尚书……十一年七月，以年老具疏乞休……著加太子太傅衔，以原官致仕⋯⋯（乾隆元年）八月，卒⋯⋯谥文简。”
同上书卷一二《宰辅十二》之《陈元龙》（笔记，陈其元撰）：“乙丑科会试中式，总裁以十卷进呈，公卷列第十，上拔置第二。殿试，上复亲擢为一甲二人，赐进士及第……都御史郭琇劾高文恪公士奇，指公为交结，有叔姪之称，得旨一并休致。公奏辨，谓臣宗本出自高，谱蹀炳然，若果臣交结士奇，何以士奇反称臣叔，事遂得白。再擢掌院学士、吏部侍郎、巡抚广西。不数年，入总西台。世宗即位，授公宰辅之任矣。”
《海宁州志稿》卷二六《选举表中•文科二•进士》：“康熙乙丑科陆肯堂榜：陈元龙，与相曾孙，字广陵，号乾斋。榜眼，官至文渊阁大学士兼礼部尚书，加太子太傅，谥文筒。”同上书卷二八《人物志•名臣• 清》：“陈元龙，字广陵，号乾斋。康熙乙丑会试、廷试皆第二，授编修。以绩学工书召入南书房，凡撰拟多称旨。丁母艰归，会被诬劾，及服，特恩以原官起用，仍入直无虚日。超擢侍讲，历庶子、学士。上亲征噶尔丹及巡幸塞北江南，每行必预窟从，眷顾最深。旋以少詹充经筵讲官，时推为异数。晋正詹，陈情归养……复奉特旨，就家授掌院学士，趣赴阙，廷命教习庶吉士，寻补礼部侍郎，经术才猷益著，乃命巡抚广西⋯⋯抚粤七年，吏畏民怀众，建爱日书院，为尸祝地踵赐额也。升工部尚书，建议海塘河工悉中机要，转礼部⋯⋯拜文渊阁大学士……年逾八旬，疏乞骸骨，始勉从所请，加太子太傅致仕……高宗御极，特勅本省给与全俸。阅三年，乃以寿终，谕赐祭葬，谥文筒。”按：陈元龙卒年，《清史稿》《国朝耆献类征初编》等均作乾隆元年。"
康熙,杭州府海宁州,张曾裕,,,,,,
康熙,杭州府海宁州,周镛,,,,,,
康熙,杭州府海宁州,王廷献,,,,,,
康熙,杭州府海宁州,祝翼模,,,,,,
康熙,杭州府海宁州,顾悦履,,,,,,
康熙,杭州府海宁州,黄龙眉,治《易经》。康熙二十九年（1690）乡试第七名，康熙三十三年（1694）会试第七十四名，殿试第二甲第二十一名，赐进士出身，授翰林院清书庶吉士。康,熙三十九年（1700）散馆，授编修，康熙四十一年（1702）充云南乡试考官，累迁侍讲学士。著有《威凤堂稿》。,,,,光绪《海盐县志》卷一六《人物传二•国朝》：“黄龙眉，字海门。海盐人，海宁籍。孝友，能诗文。康熙甲戌进士，历官词苑，为人恬静渊雅，典试滇南，所举得人。终于侍读学士，著《威凤堂稿》。”
康熙,杭州府海宁州,杨守知,治《易经》。康熙三十五年（1696）乡试第四十六名，康熙三十九年（1700）会试第九十四名，殿试第二甲第四名，赐进士出身。,授内阁中书，修河南高堰。历任江苏准安府同知、陕西榆林府知府、甘肃平凉府知府，雍正元年（1723）署河南河道，终中河通判。少负诗名，善书画，著有《致轩集》。,,《清代硃卷集成》第七五册《会试科年•光绪壬辰科•叶尔恺》页一九七上：“祖妣氏杨⋯⋯康熙庚辰科进士、甘肃平凉府知府讳守知公孙女。”,,"《杭州府志》卷一一一《选举五•国朝•进士》：“康熙三十九庚辰狂绎榜：杨守知，海宁人，
平凉知府。二甲。”
同上书卷一一二《选举六•国朝•举人》：“康熙（三十五年丙子科）：杨守知，庚辰进士。”同上书卷一三五《人物四•仕绩四•国朝》：“杨官建，自干门，雍建族第⋯雍建孙守知，字次也，康熙三十九年进士。先是，雍建被命修高堰，奏以守知代留河工，除同知。考最，知甘肃平凉府••••守知严保甲，定分年带征法，良莠以安。总河以善治河荐，复官邗上，终中河通判。”
《海宁州志稿》卷二六《选举表中•文科二•进士》：“康熙庚辰科狂绎榜：杨守知，中讷子，字次也，号次轩。官至平凉知府。”
同上书卷二九《人物志•文苑• 清》：“杨守知，字次也，号致轩。平生嗜古，承祖父之绪，聚书万卷，目数行下，负诗名，书画亦皆入能品。康照庚辰成进士。祖少司马雍建被命修高堰，奏以守知代，遂留河工，除同知。考最，知平凉府。秦地瘠而贫，逋赋数十年，其强者率相聚为盗，守知严设保甲，而定为分年带征法，良莠胥赖以安。既罢官，督河使者荐其善治河，复至邗上。曾权河南河道事，堵御有方，历试冲要丞倅，终于中河通判。”"
